Date_Key,Full_Date,Day_of_Week,Day_of_Month,Day_of_Year,Day_Name,Week_of_month,Week_of_year,Month_Of_year,Days_in_Month,Month_Name,Year
20210101,2021-01-01,5,1,1,Friday,5,53,1,31,January,2021
20210102,2021-01-02,6,2,2,Saturday,6,53,1,31,January,2021
20210103,2021-01-03,7,3,3,Sunday,7,53,1,31,January,2021
20210104,2021-01-04,1,4,4,Monday,1,1,1,31,January,2021
20210105,2021-01-05,2,5,5,Tuesday,2,1,1,31,January,2021
20210106,2021-01-06,3,6,6,Wednesday,3,1,1,31,January,2021
20210107,2021-01-07,4,7,7,Thursday,4,1,1,31,January,2021
20210108,2021-01-08,5,8,8,Friday,5,1,1,31,January,2021
20210109,2021-01-09,6,9,9,Saturday,6,1,1,31,January,2021
20210110,2021-01-10,7,10,10,Sunday,7,1,1,31,January,2021
20210111,2021-01-11,1,11,11,Monday,1,2,1,31,January,2021
20210112,2021-01-12,2,12,12,Tuesday,2,2,1,31,January,2021
20210113,2021-01-13,3,13,13,Wednesday,3,2,1,31,January,2021
20210114,2021-01-14,4,14,14,Thursday,4,2,1,31,January,2021
20210115,2021-01-15,5,15,15,Friday,5,2,1,31,January,2021
20210116,2021-01-16,6,16,16,Saturday,6,2,1,31,January,2021
20210117,2021-01-17,7,17,17,Sunday,7,2,1,31,January,2021
20210118,2021-01-18,1,18,18,Monday,1,3,1,31,January,2021
20210119,2021-01-19,2,19,19,Tuesday,2,3,1,31,January,2021
20210120,2021-01-20,3,20,20,Wednesday,3,3,1,31,January,2021
20210121,2021-01-21,4,21,21,Thursday,4,3,1,31,January,2021
20210122,2021-01-22,5,22,22,Friday,5,3,1,31,January,2021
20210123,2021-01-23,6,23,23,Saturday,6,3,1,31,January,2021
20210124,2021-01-24,7,24,24,Sunday,7,3,1,31,January,2021
20210125,2021-01-25,1,25,25,Monday,1,4,1,31,January,2021
20210126,2021-01-26,2,26,26,Tuesday,2,4,1,31,January,2021
20210127,2021-01-27,3,27,27,Wednesday,3,4,1,31,January,2021
20210128,2021-01-28,4,28,28,Thursday,4,4,1,31,January,2021
20210129,2021-01-29,5,29,29,Friday,5,4,1,31,January,2021
20210130,2021-01-30,6,30,30,Saturday,6,4,1,31,January,2021
20210131,2021-01-31,7,31,31,Sunday,7,4,1,31,January,2021
20210201,2021-02-01,1,1,32,Monday,1,5,2,28,February,2021
20210202,2021-02-02,2,2,33,Tuesday,2,5,2,28,February,2021
20210203,2021-02-03,3,3,34,Wednesday,3,5,2,28,February,2021
20210204,2021-02-04,4,4,35,Thursday,4,5,2,28,February,2021
20210205,2021-02-05,5,5,36,Friday,5,5,2,28,February,2021
20210206,2021-02-06,6,6,37,Saturday,6,5,2,28,February,2021
20210207,2021-02-07,7,7,38,Sunday,7,5,2,28,February,2021
20210208,2021-02-08,1,8,39,Monday,1,6,2,28,February,2021
20210209,2021-02-09,2,9,40,Tuesday,2,6,2,28,February,2021
20210210,2021-02-10,3,10,41,Wednesday,3,6,2,28,February,2021
20210211,2021-02-11,4,11,42,Thursday,4,6,2,28,February,2021
20210212,2021-02-12,5,12,43,Friday,5,6,2,28,February,2021
20210213,2021-02-13,6,13,44,Saturday,6,6,2,28,February,2021
20210214,2021-02-14,7,14,45,Sunday,7,6,2,28,February,2021
20210215,2021-02-15,1,15,46,Monday,1,7,2,28,February,2021
20210216,2021-02-16,2,16,47,Tuesday,2,7,2,28,February,2021
20210217,2021-02-17,3,17,48,Wednesday,3,7,2,28,February,2021
20210218,2021-02-18,4,18,49,Thursday,4,7,2,28,February,2021
20210219,2021-02-19,5,19,50,Friday,5,7,2,28,February,2021
20210220,2021-02-20,6,20,51,Saturday,6,7,2,28,February,2021
20210221,2021-02-21,7,21,52,Sunday,7,7,2,28,February,2021
20210222,2021-02-22,1,22,53,Monday,1,8,2,28,February,2021
20210223,2021-02-23,2,23,54,Tuesday,2,8,2,28,February,2021
20210224,2021-02-24,3,24,55,Wednesday,3,8,2,28,February,2021
20210225,2021-02-25,4,25,56,Thursday,4,8,2,28,February,2021
20210226,2021-02-26,5,26,57,Friday,5,8,2,28,February,2021
20210227,2021-02-27,6,27,58,Saturday,6,8,2,28,February,2021
20210228,2021-02-28,7,28,59,Sunday,7,8,2,28,February,2021
20210301,2021-03-01,1,1,60,Monday,1,9,3,31,March,2021
20210302,2021-03-02,2,2,61,Tuesday,2,9,3,31,March,2021
20210303,2021-03-03,3,3,62,Wednesday,3,9,3,31,March,2021
20210304,2021-03-04,4,4,63,Thursday,4,9,3,31,March,2021
20210305,2021-03-05,5,5,64,Friday,5,9,3,31,March,2021
20210306,2021-03-06,6,6,65,Saturday,6,9,3,31,March,2021
20210307,2021-03-07,7,7,66,Sunday,7,9,3,31,March,2021
20210308,2021-03-08,1,8,67,Monday,1,10,3,31,March,2021
20210309,2021-03-09,2,9,68,Tuesday,2,10,3,31,March,2021
20210310,2021-03-10,3,10,69,Wednesday,3,10,3,31,March,2021
20210311,2021-03-11,4,11,70,Thursday,4,10,3,31,March,2021
20210312,2021-03-12,5,12,71,Friday,5,10,3,31,March,2021
20210313,2021-03-13,6,13,72,Saturday,6,10,3,31,March,2021
20210314,2021-03-14,7,14,73,Sunday,7,10,3,31,March,2021
20210315,2021-03-15,1,15,74,Monday,1,11,3,31,March,2021
20210316,2021-03-16,2,16,75,Tuesday,2,11,3,31,March,2021
20210317,2021-03-17,3,17,76,Wednesday,3,11,3,31,March,2021
20210318,2021-03-18,4,18,77,Thursday,4,11,3,31,March,2021
20210319,2021-03-19,5,19,78,Friday,5,11,3,31,March,2021
20210320,2021-03-20,6,20,79,Saturday,6,11,3,31,March,2021
20210321,2021-03-21,7,21,80,Sunday,7,11,3,31,March,2021
20210322,2021-03-22,1,22,81,Monday,1,12,3,31,March,2021
20210323,2021-03-23,2,23,82,Tuesday,2,12,3,31,March,2021
20210324,2021-03-24,3,24,83,Wednesday,3,12,3,31,March,2021
20210325,2021-03-25,4,25,84,Thursday,4,12,3,31,March,2021
20210326,2021-03-26,5,26,85,Friday,5,12,3,31,March,2021
20210327,2021-03-27,6,27,86,Saturday,6,12,3,31,March,2021
20210328,2021-03-28,7,28,87,Sunday,7,12,3,31,March,2021
20210329,2021-03-29,1,29,88,Monday,1,13,3,31,March,2021
20210330,2021-03-30,2,30,89,Tuesday,2,13,3,31,March,2021
20210331,2021-03-31,3,31,90,Wednesday,3,13,3,31,March,2021
20210401,2021-04-01,4,1,91,Thursday,4,13,4,30,April,2021
20210402,2021-04-02,5,2,92,Friday,5,13,4,30,April,2021
20210403,2021-04-03,6,3,93,Saturday,6,13,4,30,April,2021
20210404,2021-04-04,7,4,94,Sunday,7,13,4,30,April,2021
20210405,2021-04-05,1,5,95,Monday,1,14,4,30,April,2021
20210406,2021-04-06,2,6,96,Tuesday,2,14,4,30,April,2021
20210407,2021-04-07,3,7,97,Wednesday,3,14,4,30,April,2021
20210408,2021-04-08,4,8,98,Thursday,4,14,4,30,April,2021
20210409,2021-04-09,5,9,99,Friday,5,14,4,30,April,2021
20210410,2021-04-10,6,10,100,Saturday,6,14,4,30,April,2021
20210411,2021-04-11,7,11,101,Sunday,7,14,4,30,April,2021
20210412,2021-04-12,1,12,102,Monday,1,15,4,30,April,2021
20210413,2021-04-13,2,13,103,Tuesday,2,15,4,30,April,2021
20210414,2021-04-14,3,14,104,Wednesday,3,15,4,30,April,2021
20210415,2021-04-15,4,15,105,Thursday,4,15,4,30,April,2021
20210416,2021-04-16,5,16,106,Friday,5,15,4,30,April,2021
20210417,2021-04-17,6,17,107,Saturday,6,15,4,30,April,2021
20210418,2021-04-18,7,18,108,Sunday,7,15,4,30,April,2021
20210419,2021-04-19,1,19,109,Monday,1,16,4,30,April,2021
20210420,2021-04-20,2,20,110,Tuesday,2,16,4,30,April,2021
20210421,2021-04-21,3,21,111,Wednesday,3,16,4,30,April,2021
20210422,2021-04-22,4,22,112,Thursday,4,16,4,30,April,2021
20210423,2021-04-23,5,23,113,Friday,5,16,4,30,April,2021
20210424,2021-04-24,6,24,114,Saturday,6,16,4,30,April,2021
20210425,2021-04-25,7,25,115,Sunday,7,16,4,30,April,2021
20210426,2021-04-26,1,26,116,Monday,1,17,4,30,April,2021
20210427,2021-04-27,2,27,117,Tuesday,2,17,4,30,April,2021
20210428,2021-04-28,3,28,118,Wednesday,3,17,4,30,April,2021
20210429,2021-04-29,4,29,119,Thursday,4,17,4,30,April,2021
20210430,2021-04-30,5,30,120,Friday,5,17,4,30,April,2021
20210501,2021-05-01,6,1,121,Saturday,6,17,5,31,May,2021
20210502,2021-05-02,7,2,122,Sunday,7,17,5,31,May,2021
20210503,2021-05-03,1,3,123,Monday,1,18,5,31,May,2021
20210504,2021-05-04,2,4,124,Tuesday,2,18,5,31,May,2021
20210505,2021-05-05,3,5,125,Wednesday,3,18,5,31,May,2021
20210506,2021-05-06,4,6,126,Thursday,4,18,5,31,May,2021
20210507,2021-05-07,5,7,127,Friday,5,18,5,31,May,2021
20210508,2021-05-08,6,8,128,Saturday,6,18,5,31,May,2021
20210509,2021-05-09,7,9,129,Sunday,7,18,5,31,May,2021
20210510,2021-05-10,1,10,130,Monday,1,19,5,31,May,2021
20210511,2021-05-11,2,11,131,Tuesday,2,19,5,31,May,2021
20210512,2021-05-12,3,12,132,Wednesday,3,19,5,31,May,2021
20210513,2021-05-13,4,13,133,Thursday,4,19,5,31,May,2021
20210514,2021-05-14,5,14,134,Friday,5,19,5,31,May,2021
20210515,2021-05-15,6,15,135,Saturday,6,19,5,31,May,2021
20210516,2021-05-16,7,16,136,Sunday,7,19,5,31,May,2021
20210517,2021-05-17,1,17,137,Monday,1,20,5,31,May,2021
20210518,2021-05-18,2,18,138,Tuesday,2,20,5,31,May,2021
20210519,2021-05-19,3,19,139,Wednesday,3,20,5,31,May,2021
20210520,2021-05-20,4,20,140,Thursday,4,20,5,31,May,2021
20210521,2021-05-21,5,21,141,Friday,5,20,5,31,May,2021
20210522,2021-05-22,6,22,142,Saturday,6,20,5,31,May,2021
20210523,2021-05-23,7,23,143,Sunday,7,20,5,31,May,2021
20210524,2021-05-24,1,24,144,Monday,1,21,5,31,May,2021
20210525,2021-05-25,2,25,145,Tuesday,2,21,5,31,May,2021
20210526,2021-05-26,3,26,146,Wednesday,3,21,5,31,May,2021
20210527,2021-05-27,4,27,147,Thursday,4,21,5,31,May,2021
20210528,2021-05-28,5,28,148,Friday,5,21,5,31,May,2021
20210529,2021-05-29,6,29,149,Saturday,6,21,5,31,May,2021
20210530,2021-05-30,7,30,150,Sunday,7,21,5,31,May,2021
20210531,2021-05-31,1,31,151,Monday,1,22,5,31,May,2021
20210601,2021-06-01,2,1,152,Tuesday,2,22,6,30,June,2021
20210602,2021-06-02,3,2,153,Wednesday,3,22,6,30,June,2021
20210603,2021-06-03,4,3,154,Thursday,4,22,6,30,June,2021
20210604,2021-06-04,5,4,155,Friday,5,22,6,30,June,2021
20210605,2021-06-05,6,5,156,Saturday,6,22,6,30,June,2021
20210606,2021-06-06,7,6,157,Sunday,7,22,6,30,June,2021
20210607,2021-06-07,1,7,158,Monday,1,23,6,30,June,2021
20210608,2021-06-08,2,8,159,Tuesday,2,23,6,30,June,2021
20210609,2021-06-09,3,9,160,Wednesday,3,23,6,30,June,2021
20210610,2021-06-10,4,10,161,Thursday,4,23,6,30,June,2021
20210611,2021-06-11,5,11,162,Friday,5,23,6,30,June,2021
20210612,2021-06-12,6,12,163,Saturday,6,23,6,30,June,2021
20210613,2021-06-13,7,13,164,Sunday,7,23,6,30,June,2021
20210614,2021-06-14,1,14,165,Monday,1,24,6,30,June,2021
20210615,2021-06-15,2,15,166,Tuesday,2,24,6,30,June,2021
20210616,2021-06-16,3,16,167,Wednesday,3,24,6,30,June,2021
20210617,2021-06-17,4,17,168,Thursday,4,24,6,30,June,2021
20210618,2021-06-18,5,18,169,Friday,5,24,6,30,June,2021
20210619,2021-06-19,6,19,170,Saturday,6,24,6,30,June,2021
20210620,2021-06-20,7,20,171,Sunday,7,24,6,30,June,2021
20210621,2021-06-21,1,21,172,Monday,1,25,6,30,June,2021
20210622,2021-06-22,2,22,173,Tuesday,2,25,6,30,June,2021
20210623,2021-06-23,3,23,174,Wednesday,3,25,6,30,June,2021
20210624,2021-06-24,4,24,175,Thursday,4,25,6,30,June,2021
20210625,2021-06-25,5,25,176,Friday,5,25,6,30,June,2021
20210626,2021-06-26,6,26,177,Saturday,6,25,6,30,June,2021
20210627,2021-06-27,7,27,178,Sunday,7,25,6,30,June,2021
20210628,2021-06-28,1,28,179,Monday,1,26,6,30,June,2021
20210629,2021-06-29,2,29,180,Tuesday,2,26,6,30,June,2021
20210630,2021-06-30,3,30,181,Wednesday,3,26,6,30,June,2021
20210701,2021-07-01,4,1,182,Thursday,4,26,7,31,July,2021
20210702,2021-07-02,5,2,183,Friday,5,26,7,31,July,2021
20210703,2021-07-03,6,3,184,Saturday,6,26,7,31,July,2021
20210704,2021-07-04,7,4,185,Sunday,7,26,7,31,July,2021
20210705,2021-07-05,1,5,186,Monday,1,27,7,31,July,2021
20210706,2021-07-06,2,6,187,Tuesday,2,27,7,31,July,2021
20210707,2021-07-07,3,7,188,Wednesday,3,27,7,31,July,2021
20210708,2021-07-08,4,8,189,Thursday,4,27,7,31,July,2021
20210709,2021-07-09,5,9,190,Friday,5,27,7,31,July,2021
20210710,2021-07-10,6,10,191,Saturday,6,27,7,31,July,2021
20210711,2021-07-11,7,11,192,Sunday,7,27,7,31,July,2021
20210712,2021-07-12,1,12,193,Monday,1,28,7,31,July,2021
20210713,2021-07-13,2,13,194,Tuesday,2,28,7,31,July,2021
20210714,2021-07-14,3,14,195,Wednesday,3,28,7,31,July,2021
20210715,2021-07-15,4,15,196,Thursday,4,28,7,31,July,2021
20210716,2021-07-16,5,16,197,Friday,5,28,7,31,July,2021
20210717,2021-07-17,6,17,198,Saturday,6,28,7,31,July,2021
20210718,2021-07-18,7,18,199,Sunday,7,28,7,31,July,2021
20210719,2021-07-19,1,19,200,Monday,1,29,7,31,July,2021
20210720,2021-07-20,2,20,201,Tuesday,2,29,7,31,July,2021
20210721,2021-07-21,3,21,202,Wednesday,3,29,7,31,July,2021
20210722,2021-07-22,4,22,203,Thursday,4,29,7,31,July,2021
20210723,2021-07-23,5,23,204,Friday,5,29,7,31,July,2021
20210724,2021-07-24,6,24,205,Saturday,6,29,7,31,July,2021
20210725,2021-07-25,7,25,206,Sunday,7,29,7,31,July,2021
20210726,2021-07-26,1,26,207,Monday,1,30,7,31,July,2021
20210727,2021-07-27,2,27,208,Tuesday,2,30,7,31,July,2021
20210728,2021-07-28,3,28,209,Wednesday,3,30,7,31,July,2021
20210729,2021-07-29,4,29,210,Thursday,4,30,7,31,July,2021
20210730,2021-07-30,5,30,211,Friday,5,30,7,31,July,2021
20210731,2021-07-31,6,31,212,Saturday,6,30,7,31,July,2021
20210801,2021-08-01,7,1,213,Sunday,7,30,8,31,August,2021
20210802,2021-08-02,1,2,214,Monday,1,31,8,31,August,2021
20210803,2021-08-03,2,3,215,Tuesday,2,31,8,31,August,2021
20210804,2021-08-04,3,4,216,Wednesday,3,31,8,31,August,2021
20210805,2021-08-05,4,5,217,Thursday,4,31,8,31,August,2021
20210806,2021-08-06,5,6,218,Friday,5,31,8,31,August,2021
20210807,2021-08-07,6,7,219,Saturday,6,31,8,31,August,2021
20210808,2021-08-08,7,8,220,Sunday,7,31,8,31,August,2021
20210809,2021-08-09,1,9,221,Monday,1,32,8,31,August,2021
20210810,2021-08-10,2,10,222,Tuesday,2,32,8,31,August,2021
20210811,2021-08-11,3,11,223,Wednesday,3,32,8,31,August,2021
20210812,2021-08-12,4,12,224,Thursday,4,32,8,31,August,2021
20210813,2021-08-13,5,13,225,Friday,5,32,8,31,August,2021
20210814,2021-08-14,6,14,226,Saturday,6,32,8,31,August,2021
20210815,2021-08-15,7,15,227,Sunday,7,32,8,31,August,2021
20210816,2021-08-16,1,16,228,Monday,1,33,8,31,August,2021
20210817,2021-08-17,2,17,229,Tuesday,2,33,8,31,August,2021
20210818,2021-08-18,3,18,230,Wednesday,3,33,8,31,August,2021
20210819,2021-08-19,4,19,231,Thursday,4,33,8,31,August,2021
20210820,2021-08-20,5,20,232,Friday,5,33,8,31,August,2021
20210821,2021-08-21,6,21,233,Saturday,6,33,8,31,August,2021
20210822,2021-08-22,7,22,234,Sunday,7,33,8,31,August,2021
20210823,2021-08-23,1,23,235,Monday,1,34,8,31,August,2021
20210824,2021-08-24,2,24,236,Tuesday,2,34,8,31,August,2021
20210825,2021-08-25,3,25,237,Wednesday,3,34,8,31,August,2021
20210826,2021-08-26,4,26,238,Thursday,4,34,8,31,August,2021
20210827,2021-08-27,5,27,239,Friday,5,34,8,31,August,2021
20210828,2021-08-28,6,28,240,Saturday,6,34,8,31,August,2021
20210829,2021-08-29,7,29,241,Sunday,7,34,8,31,August,2021
20210830,2021-08-30,1,30,242,Monday,1,35,8,31,August,2021
20210831,2021-08-31,2,31,243,Tuesday,2,35,8,31,August,2021
20210901,2021-09-01,3,1,244,Wednesday,3,35,9,30,September,2021
20210902,2021-09-02,4,2,245,Thursday,4,35,9,30,September,2021
20210903,2021-09-03,5,3,246,Friday,5,35,9,30,September,2021
20210904,2021-09-04,6,4,247,Saturday,6,35,9,30,September,2021
20210905,2021-09-05,7,5,248,Sunday,7,35,9,30,September,2021
20210906,2021-09-06,1,6,249,Monday,1,36,9,30,September,2021
20210907,2021-09-07,2,7,250,Tuesday,2,36,9,30,September,2021
20210908,2021-09-08,3,8,251,Wednesday,3,36,9,30,September,2021
20210909,2021-09-09,4,9,252,Thursday,4,36,9,30,September,2021
20210910,2021-09-10,5,10,253,Friday,5,36,9,30,September,2021
20210911,2021-09-11,6,11,254,Saturday,6,36,9,30,September,2021
20210912,2021-09-12,7,12,255,Sunday,7,36,9,30,September,2021
20210913,2021-09-13,1,13,256,Monday,1,37,9,30,September,2021
20210914,2021-09-14,2,14,257,Tuesday,2,37,9,30,September,2021
20210915,2021-09-15,3,15,258,Wednesday,3,37,9,30,September,2021
20210916,2021-09-16,4,16,259,Thursday,4,37,9,30,September,2021
20210917,2021-09-17,5,17,260,Friday,5,37,9,30,September,2021
20210918,2021-09-18,6,18,261,Saturday,6,37,9,30,September,2021
20210919,2021-09-19,7,19,262,Sunday,7,37,9,30,September,2021
20210920,2021-09-20,1,20,263,Monday,1,38,9,30,September,2021
20210921,2021-09-21,2,21,264,Tuesday,2,38,9,30,September,2021
20210922,2021-09-22,3,22,265,Wednesday,3,38,9,30,September,2021
20210923,2021-09-23,4,23,266,Thursday,4,38,9,30,September,2021
20210924,2021-09-24,5,24,267,Friday,5,38,9,30,September,2021
20210925,2021-09-25,6,25,268,Saturday,6,38,9,30,September,2021
20210926,2021-09-26,7,26,269,Sunday,7,38,9,30,September,2021
20210927,2021-09-27,1,27,270,Monday,1,39,9,30,September,2021
20210928,2021-09-28,2,28,271,Tuesday,2,39,9,30,September,2021
20210929,2021-09-29,3,29,272,Wednesday,3,39,9,30,September,2021
20210930,2021-09-30,4,30,273,Thursday,4,39,9,30,September,2021
20211001,2021-10-01,5,1,274,Friday,5,39,10,31,October,2021
20211002,2021-10-02,6,2,275,Saturday,6,39,10,31,October,2021
20211003,2021-10-03,7,3,276,Sunday,7,39,10,31,October,2021
20211004,2021-10-04,1,4,277,Monday,1,40,10,31,October,2021
20211005,2021-10-05,2,5,278,Tuesday,2,40,10,31,October,2021
20211006,2021-10-06,3,6,279,Wednesday,3,40,10,31,October,2021
20211007,2021-10-07,4,7,280,Thursday,4,40,10,31,October,2021
20211008,2021-10-08,5,8,281,Friday,5,40,10,31,October,2021
20211009,2021-10-09,6,9,282,Saturday,6,40,10,31,October,2021
20211010,2021-10-10,7,10,283,Sunday,7,40,10,31,October,2021
20211011,2021-10-11,1,11,284,Monday,1,41,10,31,October,2021
20211012,2021-10-12,2,12,285,Tuesday,2,41,10,31,October,2021
20211013,2021-10-13,3,13,286,Wednesday,3,41,10,31,October,2021
20211014,2021-10-14,4,14,287,Thursday,4,41,10,31,October,2021
20211015,2021-10-15,5,15,288,Friday,5,41,10,31,October,2021
20211016,2021-10-16,6,16,289,Saturday,6,41,10,31,October,2021
20211017,2021-10-17,7,17,290,Sunday,7,41,10,31,October,2021
20211018,2021-10-18,1,18,291,Monday,1,42,10,31,October,2021
20211019,2021-10-19,2,19,292,Tuesday,2,42,10,31,October,2021
20211020,2021-10-20,3,20,293,Wednesday,3,42,10,31,October,2021
20211021,2021-10-21,4,21,294,Thursday,4,42,10,31,October,2021
20211022,2021-10-22,5,22,295,Friday,5,42,10,31,October,2021
20211023,2021-10-23,6,23,296,Saturday,6,42,10,31,October,2021
20211024,2021-10-24,7,24,297,Sunday,7,42,10,31,October,2021
20211025,2021-10-25,1,25,298,Monday,1,43,10,31,October,2021
20211026,2021-10-26,2,26,299,Tuesday,2,43,10,31,October,2021
20211027,2021-10-27,3,27,300,Wednesday,3,43,10,31,October,2021
20211028,2021-10-28,4,28,301,Thursday,4,43,10,31,October,2021
20211029,2021-10-29,5,29,302,Friday,5,43,10,31,October,2021
20211030,2021-10-30,6,30,303,Saturday,6,43,10,31,October,2021
20211031,2021-10-31,7,31,304,Sunday,7,43,10,31,October,2021
20211101,2021-11-01,1,1,305,Monday,1,44,11,30,November,2021
20211102,2021-11-02,2,2,306,Tuesday,2,44,11,30,November,2021
20211103,2021-11-03,3,3,307,Wednesday,3,44,11,30,November,2021
20211104,2021-11-04,4,4,308,Thursday,4,44,11,30,November,2021
20211105,2021-11-05,5,5,309,Friday,5,44,11,30,November,2021
20211106,2021-11-06,6,6,310,Saturday,6,44,11,30,November,2021
20211107,2021-11-07,7,7,311,Sunday,7,44,11,30,November,2021
20211108,2021-11-08,1,8,312,Monday,1,45,11,30,November,2021
20211109,2021-11-09,2,9,313,Tuesday,2,45,11,30,November,2021
20211110,2021-11-10,3,10,314,Wednesday,3,45,11,30,November,2021
20211111,2021-11-11,4,11,315,Thursday,4,45,11,30,November,2021
20211112,2021-11-12,5,12,316,Friday,5,45,11,30,November,2021
20211113,2021-11-13,6,13,317,Saturday,6,45,11,30,November,2021
20211114,2021-11-14,7,14,318,Sunday,7,45,11,30,November,2021
20211115,2021-11-15,1,15,319,Monday,1,46,11,30,November,2021
20211116,2021-11-16,2,16,320,Tuesday,2,46,11,30,November,2021
20211117,2021-11-17,3,17,321,Wednesday,3,46,11,30,November,2021
20211118,2021-11-18,4,18,322,Thursday,4,46,11,30,November,2021
20211119,2021-11-19,5,19,323,Friday,5,46,11,30,November,2021
20211120,2021-11-20,6,20,324,Saturday,6,46,11,30,November,2021
20211121,2021-11-21,7,21,325,Sunday,7,46,11,30,November,2021
20211122,2021-11-22,1,22,326,Monday,1,47,11,30,November,2021
20211123,2021-11-23,2,23,327,Tuesday,2,47,11,30,November,2021
20211124,2021-11-24,3,24,328,Wednesday,3,47,11,30,November,2021
20211125,2021-11-25,4,25,329,Thursday,4,47,11,30,November,2021
20211126,2021-11-26,5,26,330,Friday,5,47,11,30,November,2021
20211127,2021-11-27,6,27,331,Saturday,6,47,11,30,November,2021
20211128,2021-11-28,7,28,332,Sunday,7,47,11,30,November,2021
20211129,2021-11-29,1,29,333,Monday,1,48,11,30,November,2021
20211130,2021-11-30,2,30,334,Tuesday,2,48,11,30,November,2021
20211201,2021-12-01,3,1,335,Wednesday,3,48,12,31,December,2021
20211202,2021-12-02,4,2,336,Thursday,4,48,12,31,December,2021
20211203,2021-12-03,5,3,337,Friday,5,48,12,31,December,2021
20211204,2021-12-04,6,4,338,Saturday,6,48,12,31,December,2021
20211205,2021-12-05,7,5,339,Sunday,7,48,12,31,December,2021
20211206,2021-12-06,1,6,340,Monday,1,49,12,31,December,2021
20211207,2021-12-07,2,7,341,Tuesday,2,49,12,31,December,2021
20211208,2021-12-08,3,8,342,Wednesday,3,49,12,31,December,2021
20211209,2021-12-09,4,9,343,Thursday,4,49,12,31,December,2021
20211210,2021-12-10,5,10,344,Friday,5,49,12,31,December,2021
20211211,2021-12-11,6,11,345,Saturday,6,49,12,31,December,2021
20211212,2021-12-12,7,12,346,Sunday,7,49,12,31,December,2021
20211213,2021-12-13,1,13,347,Monday,1,50,12,31,December,2021
20211214,2021-12-14,2,14,348,Tuesday,2,50,12,31,December,2021
20211215,2021-12-15,3,15,349,Wednesday,3,50,12,31,December,2021
20211216,2021-12-16,4,16,350,Thursday,4,50,12,31,December,2021
20211217,2021-12-17,5,17,351,Friday,5,50,12,31,December,2021
20211218,2021-12-18,6,18,352,Saturday,6,50,12,31,December,2021
20211219,2021-12-19,7,19,353,Sunday,7,50,12,31,December,2021
20211220,2021-12-20,1,20,354,Monday,1,51,12,31,December,2021
20211221,2021-12-21,2,21,355,Tuesday,2,51,12,31,December,2021
20211222,2021-12-22,3,22,356,Wednesday,3,51,12,31,December,2021
20211223,2021-12-23,4,23,357,Thursday,4,51,12,31,December,2021
20211224,2021-12-24,5,24,358,Friday,5,51,12,31,December,2021
20211225,2021-12-25,6,25,359,Saturday,6,51,12,31,December,2021
20211226,2021-12-26,7,26,360,Sunday,7,51,12,31,December,2021
20211227,2021-12-27,1,27,361,Monday,1,52,12,31,December,2021
20211228,2021-12-28,2,28,362,Tuesday,2,52,12,31,December,2021
20211229,2021-12-29,3,29,363,Wednesday,3,52,12,31,December,2021
20211230,2021-12-30,4,30,364,Thursday,4,52,12,31,December,2021
